game_index,ply_index,move,fen
1,1,e2e3,rnbqkbnr/pppppppp/8/8/8/8/PPPPPPPP/R1BQKBNR w KQkq - 0 1
1,2,e7e5,rnbqkbnr/pppppppp/8/8/8/4P3/PPPP1PPP/R1BQKBNR b KQkq - 0 1
1,3,b2b3,rnbqkbnr/pppp1ppp/8/4p3/8/4P3/PPPP1PPP/R1BQKBNR w KQkq - 0 2
1,4,d7d5,rnbqkbnr/pppp1ppp/8/4p3/8/1P2P3/P1PP1PPP/R1BQKBNR b KQkq - 0 2
1,5,c1b2,rnbqkbnr/ppp2ppp/8/3pp3/8/1P2P3/P1PP1PPP/R1BQKBNR w KQkq - 0 3
1,6,f8d6,rnbqkbnr/ppp2ppp/8/3pp3/8/1P2P3/PBPP1PPP/R2QKBNR b KQkq - 1 3
1,7,c2c4,rnbqk1nr/ppp2ppp/3b4/3pp3/8/1P2P3/PBPP1PPP/R2QKBNR w KQkq - 2 4
1,8,c7c6,rnbqk1nr/ppp2ppp/3b4/3pp3/2P5/1P2P3/PB1P1PPP/R2QKBNR b KQkq - 0 4
1,9,f1d3,rnbqk1nr/pp3ppp/2pb4/3pp3/2P5/1P2P3/PB1P1PPP/R2QKBNR w KQkq - 0 5
1,10,g8f6,rnbqk1nr/pp3ppp/2pb4/3pp3/2P5/1P1BP3/PB1P1PPP/R2QK1NR b KQkq - 1 5
1,11,g1e2,rnbqk2r/pp3ppp/2pb1n2/3pp3/2P5/1P1BP3/PB1P1PPP/R2QK1NR w KQkq - 2 6
1,12,e8g8,rnbqk2r/pp3ppp/2pb1n2/3pp3/2P5/1P1BP3/PB1PNPPP/R2QK2R b KQkq - 3 6
1,13,a1c1,rnbq1rk1/pp3ppp/2pb1n2/3pp3/2P5/1P1BP3/PB1PNPPP/R2QK2R w KQ - 4 7
1,14,d8e7,rnbq1rk1/pp3ppp/2pb1n2/3pp3/2P5/1P1BP3/PB1PNPPP/2RQK2R b K - 5 7
1,15,d3c2,rnb2rk1/pp2qppp/2pb1n2/3pp3/2P5/1P1BP3/PB1PNPPP/2RQK2R w K - 6 8
1,16,d6a3,rnb2rk1/pp2qppp/2pb1n2/3pp3/2P5/1P2P3/PBBPNPPP/2RQK2R b K - 7 8
1,17,b2a3,rnb2rk1/pp2qppp/2p2n2/3pp3/2P5/bP2P3/PBBPNPPP/2RQK2R w K - 8 9
1,18,e7a3,rnb2rk1/pp2qppp/2p2n2/3pp3/2P5/BP2P3/P1BPNPPP/2RQK2R b K - 0 9
1,19,e1g1,rnb2rk1/pp3ppp/2p2n2/3pp3/2P5/qP2P3/P1BPNPPP/2RQK2R w K - 0 10
1,20,b8d7,rnb2rk1/pp3ppp/2p2n2/3pp3/2P5/qP2P3/P1BPNPPP/2RQ1RK1 b - - 1 10
1,21,c2b1,r1b2rk1/pp1n1ppp/2p2n2/3pp3/2P5/qP2P3/P1BPNPPP/2RQ1RK1 w - - 2 11
1,22,f8e8,r1b2rk1/pp1n1ppp/2p2n2/3pp3/2P5/qP2P3/P2PNPPP/1BRQ1RK1 b - - 3 11
1,23,h2h3,r1b1r1k1/pp1n1ppp/2p2n2/3pp3/2P5/qP2P3/P2PNPPP/1BRQ1RK1 w - - 4 12
1,24,a3d6,r1b1r1k1/pp1n1ppp/2p2n2/3pp3/2P5/qP2P2P/P2PNPP1/1BRQ1RK1 b - - 0 12
1,25,d2d4,r1b1r1k1/pp1n1ppp/2pq1n2/3pp3/2P5/1P2P2P/P2PNPP1/1BRQ1RK1 w - - 1 13
1,26,e5d4,r1b1r1k1/pp1n1ppp/2pq1n2/3pp3/2PP4/1P2P2P/P3NPP1/1BRQ1RK1 b - - 0 13
1,27,e2d4,r1b1r1k1/pp1n1ppp/2pq1n2/3p4/2Pp4/1P2P2P/P3NPP1/1BRQ1RK1 w - - 0 14
1,28,d5c4,r1b1r1k1/pp1n1ppp/2pq1n2/3p4/2PN4/1P2P2P/P4PP1/1BRQ1RK1 b - - 0 14
1,29,c1c4,r1b1r1k1/pp1n1ppp/2pq1n2/8/2pN4/1P2P2P/P4PP1/1BRQ1RK1 w - - 0 15
1,30,d7e5,r1b1r1k1/pp1n1ppp/2pq1n2/8/2RN4/1P2P2P/P4PP1/1B1Q1RK1 b - - 0 15
1,31,c4c1,r1b1r1k1/pp3ppp/2pq1n2/4n3/2RN4/1P2P2P/P4PP1/1B1Q1RK1 w - - 1 16
1,32,c8d7,r1b1r1k1/pp3ppp/2pq1n2/4n3/3N4/1P2P2P/P4PP1/1BRQ1RK1 b - - 2 16
1,33,d1c2,r3r1k1/pp1b1ppp/2pq1n2/4n3/3N4/1P2P2P/P4PP1/1BRQ1RK1 w - - 3 17
1,34,b7b6,r3r1k1/pp1b1ppp/2pq1n2/4n3/3N4/1P2P2P/P1Q2PP1/1BR2RK1 b - - 4 17
1,35,f1d1,r3r1k1/p2b1ppp/1ppq1n2/4n3/3N4/1P2P2P/P1Q2PP1/1BR2RK1 w - - 0 18
1,36,d6e7,r3r1k1/p2b1ppp/1ppq1n2/4n3/3N4/1P2P2P/P1Q2PP1/1BRR2K1 b - - 1 18
1,37,d4e2,r3r1k1/p2bqppp/1pp2n2/4n3/3N4/1P2P2P/P1Q2PP1/1BRR2K1 w - - 2 19
1,38,a8d8,r3r1k1/p2bqppp/1pp2n2/4n3/8/1P2P2P/P1Q1NPP1/1BRR2K1 b - - 3 19
1,39,e2g3,3rr1k1/p2bqppp/1pp2n2/4n3/8/1P2P2P/P1Q1NPP1/1BRR2K1 w - - 4 20
1,40,e5g6,3rr1k1/p2bqppp/1pp2n2/4n3/8/1P2P1NP/P1Q2PP1/1BRR2K1 b - - 5 20
1,41,d1e1,3rr1k1/p2bqppp/1pp2nn1/8/8/1P2P1NP/P1Q2PP1/1BRR2K1 w - - 6 21
1,42,c6c5,3rr1k1/p2bqppp/1pp2nn1/8/8/1P2P1NP/P1Q2PP1/1BR1R1K1 b - - 7 21
1,43,c2e2,3rr1k1/p2bqppp/1p3nn1/2p5/8/1P2P1NP/P1Q2PP1/1BR1R1K1 w - - 0 22
1,44,d7c8,3rr1k1/p2bqppp/1p3nn1/2p5/8/1P2P1NP/P3QPP1/1BR1R1K1 b - - 1 22
1,45,a2a3,2brr1k1/p3qppp/1p3nn1/2p5/8/1P2P1NP/P3QPP1/1BR1R1K1 w - - 2 23
1,46,g6h4,2brr1k1/p3qppp/1p3nn1/2p5/8/PP2P1NP/4QPP1/1BR1R1K1 b - - 0 23
1,47,b1d3,2brr1k1/p3qppp/1p3n2/2p5/7n/PP2P1NP/4QPP1/1BR1R1K1 w - - 1 24
1,48,c8b7,2brr1k1/p3qppp/1p3n2/2p5/7n/PP1BP1NP/4QPP1/2R1R1K1 b - - 2 24
1,49,e3e4,3rr1k1/pb2qppp/1p3n2/2p5/7n/PP1BP1NP/4QPP1/2R1R1K1 w - - 3 25
1,50,e7e5,3rr1k1/pb2qppp/1p3n2/2p5/4P2n/PP1B2NP/4QPP1/2R1R1K1 b - - 0 25
1,51,b3b4,3rr1k1/pb3ppp/1p3n2/2p1q3/4P2n/PP1B2NP/4QPP1/2R1R1K1 w - - 1 26
1,52,c5b4,3rr1k1/pb3ppp/1p3n2/2p1q3/1P2P2n/P2B2NP/4QPP1/2R1R1K1 b - - 0 26
1,53,d3b5,3rr1k1/pb3ppp/1p3n2/4q3/1p2P2n/P2B2NP/4QPP1/2R1R1K1 w - - 0 27
1,54,e8e6,3rr1k1/pb3ppp/1p3n2/1B2q3/1p2P2n/P5NP/4QPP1/2R1R1K1 b - - 1 27
1,55,b5c4,3r2k1/pb3ppp/1p2rn2/1B2q3/1p2P2n/P5NP/4QPP1/2R1R1K1 w - - 2 28
1,56,e6d6,3r2k1/pb3ppp/1p2rn2/4q3/1pB1P2n/P5NP/4QPP1/2R1R1K1 b - - 3 28
1,57,a3b4,3r2k1/pb3ppp/1p1r1n2/4q3/1pB1P2n/P5NP/4QPP1/2R1R1K1 w - - 4 29
1,58,d6d2,3r2k1/pb3ppp/1p1r1n2/4q3/1PB1P2n/6NP/4QPP1/2R1R1K1 b - - 0 29
1,59,e2e3,3r2k1/pb3ppp/1p3n2/4q3/1PB1P2n/6NP/3rQPP1/2R1R1K1 w - - 1 30
1,60,e5d4,3r2k1/pb3ppp/1p3n2/4q3/1PB1P2n/4Q1NP/3r1PP1/2R1R1K1 b - - 2 30
1,61,e3d4,3r2k1/pb3ppp/1p3n2/8/1PBqP2n/4Q1NP/3r1PP1/2R1R1K1 w - - 3 31
1,62,d2d4,3r2k1/pb3ppp/1p3n2/8/1PBQP2n/6NP/3r1PP1/2R1R1K1 b - - 0 31
1,63,f2f3,3r2k1/pb3ppp/1p3n2/8/1PBrP2n/6NP/5PP1/2R1R1K1 w - - 0 32
1,64,g8f8,3r2k1/pb3ppp/1p3n2/8/1PBrP2n/5PNP/6P1/2R1R1K1 b - - 0 32
1,65,b4b5,3r1k2/pb3ppp/1p3n2/8/1PBrP2n/5PNP/6P1/2R1R1K1 w - - 1 33
1,66,b7c8,3r1k2/pb3ppp/1p3n2/1P6/2BrP2n/5PNP/6P1/2R1R1K1 b - - 0 33
1,67,c4e2,2br1k2/p4ppp/1p3n2/1P6/2BrP2n/5PNP/6P1/2R1R1K1 w - - 1 34
1,68,c8e6,2br1k2/p4ppp/1p3n2/1P6/3rP2n/5PNP/4B1P1/2R1R1K1 b - - 2 34
1,69,c1a1,3r1k2/p4ppp/1p2bn2/1P6/3rP2n/5PNP/4B1P1/2R1R1K1 w - - 3 35
1,70,d8d7,3r1k2/p4ppp/1p2bn2/1P6/3rP2n/5PNP/4B1P1/R3R1K1 b - - 4 35
1,71,a1a3,5k2/p2r1ppp/1p2bn2/1P6/3rP2n/5PNP/4B1P1/R3R1K1 w - - 5 36
1,72,d7c7,5k2/p2r1ppp/1p2bn2/1P6/3rP2n/R4PNP/4B1P1/4R1K1 b - - 6 36
1,73,e1a1,5k2/p1r2ppp/1p2bn2/1P6/3rP2n/R4PNP/4B1P1/4R1K1 w - - 7 37
1,74,d4d7,5k2/p1r2ppp/1p2bn2/1P6/3rP2n/R4PNP/4B1P1/R5K1 b - - 8 37
1,75,f3f4,5k2/p1rr1ppp/1p2bn2/1P6/4P2n/R4PNP/4B1P1/R5K1 w - - 9 38
1,76,e6c4,5k2/p1rr1ppp/1p2bn2/1P6/4PP1n/R5NP/4B1P1/R5K1 b - - 0 38
1,77,e4e5,5k2/p1rr1ppp/1p3n2/1P6/2b1PP1n/R5NP/4B1P1/R5K1 w - - 1 39
1,78,c4e2,5k2/p1rr1ppp/1p3n2/1P2P3/2b2P1n/R5NP/4B1P1/R5K1 b - - 0 39
1,79,g3e2,5k2/p1rr1ppp/1p3n2/1P2P3/5P1n/R5NP/4b1P1/R5K1 w - - 0 40
1,80,f6d5,5k2/p1rr1ppp/1p3n2/1P2P3/5P1n/R6P/4N1P1/R5K1 b - - 0 40
1,81,a3a4,5k2/p1rr1ppp/1p6/1P1nP3/5P1n/R6P/4N1P1/R5K1 w - - 1 41
1,82,h4f5,5k2/p1rr1ppp/1p6/1P1nP3/R4P1n/7P/4N1P1/R5K1 b - - 2 41
1,83,g2g4,5k2/p1rr1ppp/1p6/1P1nPn2/R4P2/7P/4N1P1/R5K1 w - - 3 42
1,84,f5e3,5k2/p1rr1ppp/1p6/1P1nPn2/R4PP1/7P/4N3/R5K1 b - - 0 42
1,85,a1a3,5k2/p1rr1ppp/1p6/1P1nP3/R4PP1/4n2P/4N3/R5K1 w - - 1 43
1,86,e3c4,5k2/p1rr1ppp/1p6/1P1nP3/R4PP1/R3n2P/4N3/6K1 b - - 2 43
1,87,a3b3,5k2/p1rr1ppp/1p6/1P1nP3/R1n2PP1/R6P/4N3/6K1 w - - 3 44
1,88,c4a5,5k2/p1rr1ppp/1p6/1P1nP3/R1n2PP1/1R5P/4N3/6K1 b - - 4 44
1,89,b3d3,5k2/p1rr1ppp/1p6/nP1nP3/R4PP1/1R5P/4N3/6K1 w - - 5 45
1,90,f8e8,5k2/p1rr1ppp/1p6/nP1nP3/R4PP1/3R3P/4N3/6K1 b - - 6 45
1,91,a4d4,4k3/p1rr1ppp/1p6/nP1nP3/R4PP1/3R3P/4N3/6K1 w - - 7 46
1,92,d5e7,4k3/p1rr1ppp/1p6/nP1nP3/3R1PP1/3R3P/4N3/6K1 b - - 8 46
1,93,f4f5,4k3/p1rrnppp/1p6/nP2P3/3R1PP1/3R3P/4N3/6K1 w - - 9 47
1,94,d7d4,4k3/p1rrnppp/1p6/nP2PP2/3R2P1/3R3P/4N3/6K1 b - - 0 47
1,95,e2d4,4k3/p1r1nppp/1p6/nP2PP2/3r2P1/3R3P/4N3/6K1 w - - 0 48
1,96,c7d7,4k3/p1r1nppp/1p6/nP2PP2/3N2P1/3R3P/8/6K1 b - - 0 48
1,97,f5f6,4k3/p2rnppp/1p6/nP2PP2/3N2P1/3R3P/8/6K1 w - - 1 49
1,98,g7f6,4k3/p2rnppp/1p3P2/nP2P3/3N2P1/3R3P/8/6K1 b - - 0 49
1,99,e5f6,4k3/p2rnp1p/1p3p2/nP2P3/3N2P1/3R3P/8/6K1 w - - 0 50
1,100,e7g6,4k3/p2rnp1p/1p3P2/nP6/3N2P1/3R3P/8/6K1 b - - 0 50
1,101,d3e3,4k3/p2r1p1p/1p3Pn1/nP6/3N2P1/3R3P/8/6K1 w - - 1 51
1,102,e8d8,4k3/p2r1p1p/1p3Pn1/nP6/3N2P1/4R2P/8/6K1 b - - 2 51
1,103,d4f5,3k4/p2r1p1p/1p3Pn1/nP6/3N2P1/4R2P/8/6K1 w - - 3 52
1,104,a5c4,3k4/p2r1p1p/1p3Pn1/nP3N2/6P1/4R2P/8/6K1 b - - 4 52
1,105,e3e2,3k4/p2r1p1p/1p3Pn1/1P3N2/2n3P1/4R2P/8/6K1 w - - 5 53
1,106,d7d1,3k4/p2r1p1p/1p3Pn1/1P3N2/2n3P1/7P/4R3/6K1 b - - 6 53
1,107,g1f2,3k4/p4p1p/1p3Pn1/1P3N2/2n3P1/7P/4R3/3r2K1 w - - 7 54
1,108,c4d6,3k4/p4p1p/1p3Pn1/1P3N2/2n3P1/7P/4RK2/3r4 b - - 8 54
1,109,f5h6,3k4/p4p1p/1p1n1Pn1/1P3N2/6P1/7P/4RK2/3r4 w - - 9 55
1,110,d1d4,3k4/p4p1p/1p1n1PnN/1P6/6P1/7P/4RK2/3r4 b - - 10 55
1,111,e2a2,3k4/p4p1p/1p1n1PnN/1P6/3r2P1/7P/4RK2/8 w - - 11 56
1,112,d4f4,3k4/p4p1p/1p1n1PnN/1P6/3r2P1/7P/R4K2/8 b - - 12 56
1,113,f2g2,3k4/p4p1p/1p1n1PnN/1P6/5rP1/7P/R4K2/8 w - - 13 57
1,114,f4f6,3k4/p4p1p/1p1n1PnN/1P6/5rP1/7P/R5K1/8 b - - 14 57
1,115,g4g5,3k4/p4p1p/1p1n1rnN/1P6/6P1/7P/R5K1/8 w - - 0 58
1,116,f6e6,3k4/p4p1p/1p1n1rnN/1P4P1/8/7P/R5K1/8 b - - 0 58
1,117,a2a7,3k4/p4p1p/1p1nr1nN/1P4P1/8/7P/R5K1/8 w - - 1 59
1,118,e6e5,3k4/R4p1p/1p1nr1nN/1P4P1/8/7P/6K1/8 b - - 0 59
1,119,h6f7,3k4/R4p1p/1p1n2nN/1P2r1P1/8/7P/6K1/8 w - - 1 60
1,120,d6f7,3k4/R4N1p/1p1n2n1/1P2r1P1/8/7P/6K1/8 b - - 0 60
1,121,a7f7,3k4/R4n1p/1p4n1/1P2r1P1/8/7P/6K1/8 w - - 0 61
1,122,e5g5,3k4/5R1p/1p4n1/1P2r1P1/8/7P/6K1/8 b - - 0 61
1,123,g2f2,3k4/5R1p/1p4n1/1P4r1/8/7P/6K1/8 w - - 0 62
1,124,g5h5,3k4/5R1p/1p4n1/1P4r1/8/7P/5K2/8 b - - 1 62
1,125,f7b7,3k4/5R1p/1p4n1/1P5r/8/7P/5K2/8 w - - 2 63
1,126,h5h3,3k4/1R5p/1p4n1/1P5r/8/7P/5K2/8 b - - 3 63
1,127,b7b6,3k4/1R5p/1p4n1/1P6/8/7r/5K2/8 w - - 0 64
1,128,d8c7,3k4/7p/1R4n1/1P6/8/7r/5K2/8 b - - 0 64
1,129,b6c6,8/2k4p/1R4n1/1P6/8/7r/5K2/8 w - - 1 65
1,130,c7b7,8/2k4p/2R3n1/1P6/8/7r/5K2/8 b - - 2 65
1,131,c6f6,8/1k5p/2R3n1/1P6/8/7r/5K2/8 w - - 3 66
1,132,g6e5,8/1k5p/5Rn1/1P6/8/7r/5K2/8 b - - 4 66
1,133,f6e6,8/1k5p/5R2/1P2n3/8/7r/5K2/8 w - - 5 67
1,134,e5d3,8/1k5p/4R3/1P2n3/8/7r/5K2/8 b - - 6 67
1,135,f2g1,8/1k5p/4R3/1P6/8/3n3r/5K2/8 w - - 7 68
1,136,h3g3,8/1k5p/4R3/1P6/8/3n3r/8/6K1 b - - 8 68
1,137,g1h2,8/1k5p/4R3/1P6/8/3n2r1/8/6K1 w - - 9 69
1,138,g3g7,8/1k5p/4R3/1P6/8/3n2r1/7K/8 b - - 10 69
1,139,e6f6,8/1k4rp/4R3/1P6/8/3n4/7K/8 w - - 11 70
1,140,d3e5,8/1k4rp/5R2/1P6/8/3n4/7K/8 b - - 12 70
1,141,h2h3,8/1k4rp/5R2/1P2n3/8/8/7K/8 w - - 13 71
1,142,g7g6,8/1k4rp/5R2/1P2n3/8/7K/8/8 b - - 14 71
1,143,f6f5,8/1k5p/5Rr1/1P2n3/8/7K/8/8 w - - 15 72
1,144,g6e6,8/1k5p/6r1/1P2nR2/8/7K/8/8 b - - 16 72
1,145,h3h4,8/1k5p/4r3/1P2nR2/8/7K/8/8 w - - 17 73
1,146,b7b6,8/1k5p/4r3/1P2nR2/7K/8/8/8 b - - 18 73
1,147,h4g5,8/7p/1k2r3/1P2nR2/7K/8/8/8 w - - 19 74
1,148,e6g6,8/7p/1k2r3/1P2nRK1/8/8/8/8 b - - 20 74
1,149,g5f4,8/7p/1k4r1/1P2nRK1/8/8/8/8 w - - 21 75
1,150,e5d7,8/7p/1k4r1/1P2nR2/5K2/8/8/8 b - - 22 75
1,151,f5h5,8/3n3p/1k4r1/1P3R2/5K2/8/8/8 w - - 23 76
1,152,h7h6,8/3n3p/1k4r1/1P5R/5K2/8/8/8 b - - 24 76
1,153,f4f5,8/3n4/1k4rp/1P5R/5K2/8/8/8 w - - 0 77
1,154,g6d6,8/3n4/1k4rp/1P3K1R/8/8/8/8 b - - 1 77
1,155,f5f4,8/3n4/1k1r3p/1P3K1R/8/8/8/8 w - - 2 78
1,156,d7c5,8/3n4/1k1r3p/1P5R/5K2/8/8/8 b - - 3 78
1,157,f4e5,8/8/1k1r3p/1Pn4R/5K2/8/8/8 w - - 4 79
1,158,d6g6,8/8/1k1r3p/1Pn1K2R/8/8/8/8 b - - 5 79
1,159,e5f5,8/8/1k4rp/1Pn1K2R/8/8/8/8 w - - 6 80
1,160,g6e6,8/8/1k4rp/1Pn2K1R/8/8/8/8 b - - 7 80
1,161,h5h4,8/8/1k2r2p/1Pn2K1R/8/8/8/8 w - - 8 81
1,162,b6b5,8/8/1k2r2p/1Pn2K2/7R/8/8/8 b - - 9 81
1,163,h4g4,8/8/4r2p/1kn2K2/7R/8/8/8 w - - 0 82
1,164,e6e8,8/8/4r2p/1kn2K2/6R1/8/8/8 b - - 1 82
1,165,f5g6,4r3/8/7p/1kn2K2/6R1/8/8/8 w - - 2 83
1,166,e8e6,4r3/8/6Kp/1kn5/6R1/8/8/8 b - - 3 83
1,167,g6g7,8/8/4r1Kp/1kn5/6R1/8/8/8 w - - 4 84
1,168,h6h5,8/6K1/4r2p/1kn5/6R1/8/8/8 b - - 5 84
1,169,g4h4,8/6K1/4r3/1kn4p/6R1/8/8/8 w - - 0 85
1,170,e6e5,8/6K1/4r3/1kn4p/7R/8/8/8 b - - 1 85
1,171,g7h6,8/6K1/8/1kn1r2p/7R/8/8/8 w - - 2 86
1,172,b5c6,8/8/7K/1kn1r2p/7R/8/8/8 b - - 3 86
1,173,h4h5,8/8/2k4K/2n1r2p/7R/8/8/8 w - - 4 87
1,174,e5h5,8/8/2k4K/2n1r2R/8/8/8/8 b - - 0 87
1,175,h6h5,8/8/2k4K/2n4r/8/8/8/8 w - - 0 88
2,1,c2c4,rnbqkbnr/pppppppp/8/8/8/8/PPPPPPPP/RNBQKB1R w KQkq - 0 1
2,2,e7e5,rnbqkbnr/pppppppp/8/8/2P5/8/PP1PPPPP/RNBQKB1R b KQkq - 0 1
2,3,d1c2,rnbqkbnr/pppp1ppp/8/4p3/2P5/8/PP1PPPPP/RNBQKB1R w KQkq - 0 2
2,4,g8f6,rnbqkbnr/pppp1ppp/8/4p3/2P5/8/PPQPPPPP/RNB1KB1R b KQkq - 1 2
2,5,e2e3,rnbqkb1r/pppp1ppp/5n2/4p3/2P5/8/PPQPPPPP/RNB1KB1R w KQkq - 2 3
2,6,c7c6,rnbqkb1r/pppp1ppp/5n2/4p3/2P5/4P3/PPQP1PPP/RNB1KB1R b KQkq - 0 3
2,7,f1e2,rnbqkb1r/pp1p1ppp/2p2n2/4p3/2P5/4P3/PPQP1PPP/RNB1KB1R w KQkq - 0 4
2,8,d7d5,rnbqkb1r/pp1p1ppp/2p2n2/4p3/2P5/4P3/PPQPBPPP/RNB1K2R b KQkq - 1 4
2,9,e1g1,rnbqkb1r/pp3ppp/2p2n2/3pp3/2P5/4P3/PPQPBPPP/RNB1K2R w KQkq - 0 5
2,10,f8d6,rnbqkb1r/pp3ppp/2p2n2/3pp3/2P5/4P3/PPQPBPPP/RNB2RK1 b kq - 1 5
2,11,c4c5,rnbqk2r/pp3ppp/2pb1n2/3pp3/2P5/4P3/PPQPBPPP/RNB2RK1 w kq - 2 6
2,12,d6c7,rnbqk2r/pp3ppp/2pb1n2/2Ppp3/8/4P3/PPQPBPPP/RNB2RK1 b kq - 0 6
2,13,b2b4,rnbqk2r/ppb2ppp/2p2n2/2Ppp3/8/4P3/PPQPBPPP/RNB2RK1 w kq - 1 7
2,14,e8g8,rnbqk2r/ppb2ppp/2p2n2/2Ppp3/1P6/4P3/P1QPBPPP/RNB2RK1 b kq - 0 7
2,15,d2d3,rnbq1rk1/ppb2ppp/2p2n2/2Ppp3/1P6/4P3/P1QPBPPP/RNB2RK1 w - - 1 8
2,16,e5e4,rnbq1rk1/ppb2ppp/2p2n2/2Ppp3/1P6/3PP3/P1Q1BPPP/RNB2RK1 b - - 0 8
2,17,c1b2,rnbq1rk1/ppb2ppp/2p2n2/2Pp4/1P2p3/3PP3/P1Q1BPPP/RNB2RK1 w - - 0 9
2,18,c8f5,rnbq1rk1/ppb2ppp/2p2n2/2Pp4/1P2p3/3PP3/PBQ1BPPP/RN3RK1 b - - 1 9
2,19,d3e4,rn1q1rk1/ppb2ppp/2p2n2/2Pp1b2/1P2p3/3PP3/PBQ1BPPP/RN3RK1 w - - 2 10
2,20,f6e4,rn1q1rk1/ppb2ppp/2p2n2/2Pp1b2/1P2P3/4P3/PBQ1BPPP/RN3RK1 b - - 0 10
2,21,e2d3,rn1q1rk1/ppb2ppp/2p5/2Pp1b2/1P2n3/4P3/PBQ1BPPP/RN3RK1 w - - 0 11
2,22,f5g6,rn1q1rk1/ppb2ppp/2p5/2Pp1b2/1P2n3/3BP3/PBQ2PPP/RN3RK1 b - - 1 11
2,23,f2f4,rn1q1rk1/ppb2ppp/2p3b1/2Pp4/1P2n3/3BP3/PBQ2PPP/RN3RK1 w - - 2 12
2,24,b8d7,rn1q1rk1/ppb2ppp/2p3b1/2Pp4/1P2nP2/3BP3/PBQ3PP/RN3RK1 b - - 0 12
2,25,b2d4,r2q1rk1/ppbn1ppp/2p3b1/2Pp4/1P2nP2/3BP3/PBQ3PP/RN3RK1 w - - 1 13
2,26,d7f6,r2q1rk1/ppbn1ppp/2p3b1/2Pp4/1P1BnP2/3BP3/P1Q3PP/RN3RK1 b - - 2 13
2,27,a2a4,r2q1rk1/ppb2ppp/2p2nb1/2Pp4/1P1BnP2/3BP3/P1Q3PP/RN3RK1 w - - 3 14
2,28,d8e7,r2q1rk1/ppb2ppp/2p2nb1/2Pp4/PP1BnP2/3BP3/2Q3PP/RN3RK1 b - - 0 14
2,29,a4a5,r4rk1/ppb1qppp/2p2nb1/2Pp4/PP1BnP2/3BP3/2Q3PP/RN3RK1 w - - 1 15
2,30,a7a6,r4rk1/ppb1qppp/2p2nb1/P1Pp4/1P1BnP2/3BP3/2Q3PP/RN3RK1 b - - 0 15
2,31,f1f3,r4rk1/1pb1qppp/p1p2nb1/P1Pp4/1P1BnP2/3BP3/2Q3PP/RN3RK1 w - - 0 16
2,32,a8e8,r4rk1/1pb1qppp/p1p2nb1/P1Pp4/1P1BnP2/3BPR2/2Q3PP/RN4K1 b - - 1 16
2,33,c2b2,4rrk1/1pb1qppp/p1p2nb1/P1Pp4/1P1BnP2/3BPR2/2Q3PP/RN4K1 w - - 2 17
2,34,e7e6,4rrk1/1pb1qppp/p1p2nb1/P1Pp4/1P1BnP2/3BPR2/1Q4PP/RN4K1 b - - 3 17
2,35,b1a3,4rrk1/1pb2ppp/p1p1qnb1/P1Pp4/1P1BnP2/3BPR2/1Q4PP/RN4K1 w - - 4 18
2,36,g6f5,4rrk1/1pb2ppp/p1p1qnb1/P1Pp4/1P1BnP2/N2BPR2/1Q4PP/R5K1 b - - 5 18
2,37,a1a2,4rrk1/1pb2ppp/p1p1qn2/P1Pp1b2/1P1BnP2/N2BPR2/1Q4PP/R5K1 w - - 6 19
2,38,h7h5,4rrk1/1pb2ppp/p1p1qn2/P1Pp1b2/1P1BnP2/N2BPR2/RQ4PP/6K1 b - - 7 19
2,39,a3c2,4rrk1/1pb2pp1/p1p1qn2/P1Pp1b1p/1P1BnP2/N2BPR2/RQ4PP/6K1 w - - 0 20
2,40,h5h4,4rrk1/1pb2pp1/p1p1qn2/P1Pp1b1p/1P1BnP2/3BPR2/RQN3PP/6K1 b - - 1 20
2,41,c2e1,4rrk1/1pb2pp1/p1p1qn2/P1Pp1b2/1P1BnP1p/3BPR2/RQN3PP/6K1 w - - 0 21
2,42,f6h5,4rrk1/1pb2pp1/p1p1qn2/P1Pp1b2/1P1BnP1p/3BPR2/RQ4PP/4N1K1 b - - 1 21
2,43,f3f1,4rrk1/1pb2pp1/p1p1q3/P1Pp1b1n/1P1BnP1p/3BPR2/RQ4PP/4N1K1 w - - 2 22
2,44,h4h3,4rrk1/1pb2pp1/p1p1q3/P1Pp1b1n/1P1BnP1p/3BP3/RQ4PP/4NRK1 b - - 3 22
2,45,b2e2,4rrk1/1pb2pp1/p1p1q3/P1Pp1b1n/1P1BnP2/3BP2p/RQ4PP/4NRK1 w - - 0 23
2,46,e6g6,4rrk1/1pb2pp1/p1p1q3/P1Pp1b1n/1P1BnP2/3BP2p/R3Q1PP/4NRK1 b - - 1 23
2,47,e2d1,4rrk1/1pb2pp1/p1p3q1/P1Pp1b1n/1P1BnP2/3BP2p/R3Q1PP/4NRK1 w - - 2 24
2,48,e8e6,4rrk1/1pb2pp1/p1p3q1/P1Pp1b1n/1P1BnP2/3BP2p/R5PP/3QNRK1 b - - 3 24
2,49,e1f3,5rk1/1pb2pp1/p1p1r1q1/P1Pp1b1n/1P1BnP2/3BP2p/R5PP/3QNRK1 w - - 4 25
2,50,g6g4,5rk1/1pb2pp1/p1p1r1q1/P1Pp1b1n/1P1BnP2/3BPN1p/R5PP/3Q1RK1 b - - 5 25
2,51,f3g5,5rk1/1pb2pp1/p1p1r3/P1Pp1b1n/1P1BnPq1/3BPN1p/R5PP/3Q1RK1 w - - 6 26
2,52,h3g2,5rk1/1pb2pp1/p1p1r3/P1Pp1bNn/1P1BnPq1/3BP2p/R5PP/3Q1RK1 b - - 7 26
2,53,a2g2,5rk1/1pb2pp1/p1p1r3/P1Pp1bNn/1P1BnPq1/3BP3/R5pP/3Q1RK1 w - - 0 27
2,54,g4d1,5rk1/1pb2pp1/p1p1r3/P1Pp1bNn/1P1BnPq1/3BP3/6RP/3Q1RK1 b - - 0 27
2,55,f1d1,5rk1/1pb2pp1/p1p1r3/P1Pp1bNn/1P1BnP2/3BP3/6RP/3q1RK1 w - - 0 28
2,56,e4g5,5rk1/1pb2pp1/p1p1r3/P1Pp1bNn/1P1BnP2/3BP3/6RP/3R2K1 b - - 0 28
2,57,d3f5,5rk1/1pb2pp1/p1p1r3/P1Pp1bnn/1P1B1P2/3BP3/6RP/3R2K1 w - - 0 29
2,58,g5f3,5rk1/1pb2pp1/p1p1r3/P1Pp1Bnn/1P1B1P2/4P3/6RP/3R2K1 b - - 0 29
2,59,g1f2,5rk1/1pb2pp1/p1p1r3/P1Pp1B1n/1P1B1P2/4Pn2/6RP/3R2K1 w - - 1 30
2,60,f3d4,5rk1/1pb2pp1/p1p1r3/P1Pp1B1n/1P1B1P2/4Pn2/5KRP/3R4 b - - 2 30
2,61,d1d4,5rk1/1pb2pp1/p1p1r3/P1Pp1B1n/1P1n1P2/4P3/5KRP/3R4 w - - 0 31
2,62,e6e7,5rk1/1pb2pp1/p1p1r3/P1Pp1B1n/1P1R1P2/4P3/5KRP/8 b - - 0 31
2,63,f5g4,5rk1/1pb1rpp1/p1p5/P1Pp1B1n/1P1R1P2/4P3/5KRP/8 w - - 1 32
2,64,h5f6,5rk1/1pb1rpp1/p1p5/P1Pp3n/1P1R1PB1/4P3/5KRP/8 b - - 2 32
2,65,g4f3,5rk1/1pb1rpp1/p1p2n2/P1Pp4/1P1R1PB1/4P3/5KRP/8 w - - 3 33
2,66,f8e8,5rk1/1pb1rpp1/p1p2n2/P1Pp4/1P1R1P2/4PB2/5KRP/8 b - - 4 33
2,67,d4d3,4r1k1/1pb1rpp1/p1p2n2/P1Pp4/1P1R1P2/4PB2/5KRP/8 w - - 5 34
2,68,e7e6,4r1k1/1pb1rpp1/p1p2n2/P1Pp4/1P3P2/3RPB2/5KRP/8 b - - 6 34
2,69,h2h4,4r1k1/1pb2pp1/p1p1rn2/P1Pp4/1P3P2/3RPB2/5KRP/8 w - - 7 35
2,70,f6e4,4r1k1/1pb2pp1/p1p1rn2/P1Pp4/1P3P1P/3RPB2/5KR1/8 b - - 0 35
2,71,f2f1,4r1k1/1pb2pp1/p1p1r3/P1Pp4/1P2nP1P/3RPB2/5KR1/8 w - - 1 36
2,72,e4f6,4r1k1/1pb2pp1/p1p1r3/P1Pp4/1P2nP1P/3RPB2/6R1/5K2 b - - 2 36
2,73,f1f2,4r1k1/1pb2pp1/p1p1rn2/P1Pp4/1P3P1P/3RPB2/6R1/5K2 w - - 3 37
2,74,c7d8,4r1k1/1pb2pp1/p1p1rn2/P1Pp4/1P3P1P/3RPB2/5KR1/8 b - - 4 37
2,75,h4h5,3br1k1/1p3pp1/p1p1rn2/P1Pp4/1P3P1P/3RPB2/5KR1/8 w - - 5 38
2,76,g8h7,3br1k1/1p3pp1/p1p1rn2/P1Pp3P/1P3P2/3RPB2/5KR1/8 b - - 0 38
2,77,g2h2,3br3/1p3ppk/p1p1rn2/P1Pp3P/1P3P2/3RPB2/5KR1/8 w - - 1 39
2,78,f6e4,3br3/1p3ppk/p1p1rn2/P1Pp3P/1P3P2/3RPB2/5K1R/8 b - - 2 39
2,79,f2g2,3br3/1p3ppk/p1p1r3/P1Pp3P/1P2nP2/3RPB2/5K1R/8 w - - 3 40
2,80,f7f5,3br3/1p3ppk/p1p1r3/P1Pp3P/1P2nP2/3RPB2/6KR/8 b - - 4 40
2,81,f3d1,3br3/1p4pk/p1p1r3/P1Pp1p1P/1P2nP2/3RPB2/6KR/8 w - - 0 41
2,82,e4f6,3br3/1p4pk/p1p1r3/P1Pp1p1P/1P2nP2/3RP3/6KR/3B4 b - - 1 41
2,83,h2h3,3br3/1p4pk/p1p1rn2/P1Pp1p1P/1P3P2/3RP3/6KR/3B4 w - - 2 42
2,84,f6g4,3br3/1p4pk/p1p1rn2/P1Pp1p1P/1P3P2/3RP2R/6K1/3B4 b - - 3 42
2,85,d1g4,3br3/1p4pk/p1p1r3/P1Pp1p1P/1P3Pn1/3RP2R/6K1/3B4 w - - 4 43
2,86,f5g4,3br3/1p4pk/p1p1r3/P1Pp1p1P/1P3PB1/3RP2R/6K1/8 b - - 0 43
2,87,h3g3,3br3/1p4pk/p1p1r3/P1Pp3P/1P3Pp1/3RP2R/6K1/8 w - - 0 44
2,88,e6e4,3br3/1p4pk/p1p1r3/P1Pp3P/1P3Pp1/3RP1R1/6K1/8 b - - 1 44
2,89,g3g4,3br3/1p4pk/p1p5/P1Pp3P/1P2rPp1/3RP1R1/6K1/8 w - - 2 45
2,90,e4b4,3br3/1p4pk/p1p5/P1Pp3P/1P2rPR1/3RP3/6K1/8 b - - 0 45
2,91,g2f3,3br3/1p4pk/p1p5/P1Pp3P/1r3PR1/3RP3/6K1/8 w - - 0 46
2,92,d8f6,3br3/1p4pk/p1p5/P1Pp3P/1r3PR1/3RPK2/8/8 b - - 1 46
2,93,g4g6,4r3/1p4pk/p1p2b2/P1Pp3P/1r3PR1/3RPK2/8/8 w - - 2 47
2,94,e8e7,4r3/1p4pk/p1p2bR1/P1Pp3P/1r3P2/3RPK2/8/8 b - - 3 47
2,95,f3g4,8/1p2r1pk/p1p2bR1/P1Pp3P/1r3P2/3RPK2/8/8 w - - 4 48
2,96,b4e4,8/1p2r1pk/p1p2bR1/P1Pp3P/1r3PK1/3RP3/8/8 b - - 5 48
2,97,g4f5,8/1p2r1pk/p1p2bR1/P1Pp3P/4rPK1/3RP3/8/8 w - - 6 49
2,98,e7f7,8/1p2r1pk/p1p2bR1/P1Pp1K1P/4rP2/3RP3/8/8 b - - 7 49
2,99,f5g4,8/1p3rpk/p1p2bR1/P1Pp1K1P/4rP2/3RP3/8/8 w - - 8 50
2,100,d5d4,8/1p3rpk/p1p2bR1/P1Pp3P/4rPK1/3RP3/8/8 b - - 9 50
2,101,e3d4,8/1p3rpk/p1p2bR1/P1P4P/3prPK1/3RP3/8/8 w - - 0 51
2,102,f6d4,8/1p3rpk/p1p2bR1/P1P4P/3PrPK1/3R4/8/8 b - - 0 51
2,103,d3f3,8/1p3rpk/p1p3R1/P1P4P/3brPK1/3R4/8/8 w - - 0 52
2,104,d4c5,8/1p3rpk/p1p3R1/P1P4P/3brPK1/5R2/8/8 b - - 1 52
2,105,g6g5,8/1p3rpk/p1p3R1/P1b4P/4rPK1/5R2/8/8 w - - 0 53
2,106,c5d6,8/1p3rpk/p1p5/P1b3RP/4rPK1/5R2/8/8 b - - 1 53
2,107,g5f5,8/1p3rpk/p1pb4/P5RP/4rPK1/5R2/8/8 w - - 2 54
2,108,f7f5,8/1p3rpk/p1pb4/P4R1P/4rPK1/5R2/8/8 b - - 3 54
2,109,g4f5,8/1p4pk/p1pb4/P4r1P/4rPK1/5R2/8/8 w - - 0 55
2,110,e4f4,8/1p4pk/p1pb4/P4K1P/4rP2/5R2/8/8 b - - 0 55
2,111,f3f4,8/1p4pk/p1pb4/P4K1P/5r2/5R2/8/8 w - - 0 56
2,112,d6f4,8/1p4pk/p1pb4/P4K1P/5R2/8/8/8 b - - 0 56
2,113,f5f4,8/1p4pk/p1p5/P4K1P/5b2/8/8/8 w - - 0 57
2,114,h7h6,8/1p4pk/p1p5/P6P/5K2/8/8/8 b - - 0 57
2,115,f4g4,8/1p4p1/p1p4k/P6P/5K2/8/8/8 w - - 1 58
2,116,c6c5,8/1p4p1/p1p4k/P6P/6K1/8/8/8 b - - 2 58
2,117,g4f4,8/1p4p1/p6k/P1p4P/6K1/8/8/8 w - - 0 59
2,118,h6h5,8/1p4p1/p6k/P1p4P/5K2/8/8/8 b - - 1 59
2,119,f4e4,8/1p4p1/p7/P1p4k/5K2/8/8/8 w - - 0 60
2,120,g7g5,8/1p4p1/p7/P1p4k/4K3/8/8/8 b - - 1 60
2,121,e4d5,8/1p6/p7/P1p3pk/4K3/8/8/8 w - - 0 61
2,122,g5g4,8/1p6/p7/P1pK2pk/8/8/8/8 b - - 1 61
2,123,d5c5,8/1p6/p7/P1pK3k/6p1/8/8/8 w - - 0 62
2,124,g4g3,8/1p6/p7/P1K4k/6p1/8/8/8 b - - 0 62
2,125,c5b6,8/1p6/p7/P1K4k/8/6p1/8/8 w - - 0 63
2,126,g3g2,8/1p6/pK6/P6k/8/6p1/8/8 b - - 1 63
2,127,b6b7,8/1p6/pK6/P6k/8/8/6p1/8 w - - 0 64
2,128,g2g1q,8/1K6/p7/P6k/8/8/6p1/8 b - - 0 64
2,129,b7a6,8/1K6/p7/P6k/8/8/8/6q1 w - - 0 65
2,130,g1c5,8/8/K7/P6k/8/8/8/6q1 b - - 0 65
2,131,a6b7,8/8/K7/P1q4k/8/8/8/8 w - - 1 66
2,132,c5a5,8/1K6/8/P1q4k/8/8/8/8 b - - 2 66
2,133,b7c6,8/1K6/8/q6k/8/8/8/8 w - - 0 67
2,134,h5g5,8/8/2K5/q6k/8/8/8/8 b - - 1 67
2,135,c6d7,8/8/2K5/q5k1/8/8/8/8 w - - 2 68
2,136,g5f5,8/3K4/8/q5k1/8/8/8/8 b - - 3 68
2,137,d7d6,8/3K4/8/q4k2/8/8/8/8 w - - 4 69
2,138,a5b5,8/8/3K4/q4k2/8/8/8/8 b - - 5 69
2,139,d6e7,8/8/3K4/1q3k2/8/8/8/8 w - - 6 70
2,140,b5c6,8/4K3/8/1q3k2/8/8/8/8 b - - 7 70
2,141,e7f7,8/4K3/2q5/5k2/8/8/8/8 w - - 8 71
2,142,c6d7,8/5K2/2q5/5k2/8/8/8/8 b - - 9 71
2,143,f7g8,8/3q1K2/8/5k2/8/8/8/8 w - - 10 72
2,144,f5g6,6K1/3q4/8/5k2/8/8/8/8 b - - 11 72
2,145,g8h8,6K1/3q4/6k1/8/8/8/8/8 w - - 12 73
2,146,d7d8,7K/3q4/6k1/8/8/8/8/8 b - - 13 73
3,1,g1f3,rnbqkbnr/pppppppp/8/8/8/8/PPPPPPPP/R1BQKBNR w KQkq - 0 1
3,2,g8f6,rnbqkbnr/pppppppp/8/8/8/5N2/PPPPPPPP/R1BQKB1R b KQkq - 1 1
3,3,b2b4,rnbqkb1r/pppppppp/5n2/8/8/5N2/PPPPPPPP/R1BQKB1R w KQkq - 2 2
3,4,g7g6,rnbqkb1r/pppppppp/5n2/8/1P6/5N2/P1PPPPPP/R1BQKB1R b KQkq - 0 2
3,5,g2g3,rnbqkb1r/pppppp1p/5np1/8/1P6/5N2/P1PPPPPP/R1BQKB1R w KQkq - 0 3
3,6,f8g7,rnbqkb1r/pppppp1p/5np1/8/1P6/5NP1/P1PPPP1P/R1BQKB1R b KQkq - 0 3
3,7,f1g2,rnbqk2r/ppppppbp/5np1/8/1P6/5NP1/P1PPPP1P/R1BQKB1R w KQkq - 1 4
3,8,e8g8,rnbqk2r/ppppppbp/5np1/8/1P6/5NP1/P1PPPPBP/R1BQK2R b KQkq - 2 4
3,9,a2a4,rnbq1rk1/ppppppbp/5np1/8/1P6/5NP1/P1PPPPBP/R1BQK2R w KQ - 3 5
3,10,d7d6,rnbq1rk1/ppppppbp/5np1/8/PP6/5NP1/2PPPPBP/R1BQK2R b KQ - 0 5
3,11,c1b2,rnbq1rk1/ppp1ppbp/3p1np1/8/PP6/5NP1/2PPPPBP/R1BQK2R w KQ - 0 6
3,12,e7e5,rnbq1rk1/ppp1ppbp/3p1np1/8/PP6/5NP1/1BPPPPBP/R2QK2R b KQ - 1 6
3,13,d2d3,rnbq1rk1/ppp2pbp/3p1np1/4p3/PP6/5NP1/1BPPPPBP/R2QK2R w KQ - 0 7
3,14,a7a5,rnbq1rk1/ppp2pbp/3p1np1/4p3/PP6/3P1NP1/1BP1PPBP/R2QK2R b KQ - 0 7
3,15,b4b5,rnbq1rk1/1pp2pbp/3p1np1/p3p3/PP6/3P1NP1/1BP1PPBP/R2QK2R w KQ - 0 8
3,16,b8d7,rnbq1rk1/1pp2pbp/3p1np1/pP2p3/P7/3P1NP1/1BP1PPBP/R2QK2R b KQ - 0 8
3,17,e1g1,r1bq1rk1/1ppn1pbp/3p1np1/pP2p3/P7/3P1NP1/1BP1PPBP/R2QK2R w KQ - 1 9
3,18,d7c5,r1bq1rk1/1ppn1pbp/3p1np1/pP2p3/P7/3P1NP1/1BP1PPBP/R2Q1RK1 b - - 2 9
3,19,a1a3,r1bq1rk1/1pp2pbp/3p1np1/pPn1p3/P7/3P1NP1/1BP1PPBP/R2Q1RK1 w - - 3 10
3,20,h7h6,r1bq1rk1/1pp2pbp/3p1np1/pPn1p3/P7/R2P1NP1/1BP1PPBP/3Q1RK1 b - - 4 10
3,21,f3d2,r1bq1rk1/1pp2pb1/3p1npp/pPn1p3/P7/R2P1NP1/1BP1PPBP/3Q1RK1 w - - 0 11
3,22,a8b8,r1bq1rk1/1pp2pb1/3p1npp/pPn1p3/P7/R2P2P1/1BPNPPBP/3Q1RK1 b - - 1 11
3,23,f1e1,1rbq1rk1/1pp2pb1/3p1npp/pPn1p3/P7/R2P2P1/1BPNPPBP/3Q1RK1 w - - 2 12
3,24,c8e6,1rbq1rk1/1pp2pb1/3p1npp/pPn1p3/P7/R2P2P1/1BPNPPBP/3QR1K1 b - - 3 12
3,25,e2e3,1r1q1rk1/1pp2pb1/3pbnpp/pPn1p3/P7/R2P2P1/1BPNPPBP/3QR1K1 w - - 4 13
3,26,f8e8,1r1q1rk1/1pp2pb1/3pbnpp/pPn1p3/P7/R2PP1P1/1BPN1PBP/3QR1K1 b - - 0 13
3,27,d1a1,1r1qr1k1/1pp2pb1/3pbnpp/pPn1p3/P7/R2PP1P1/1BPN1PBP/3QR1K1 w - - 1 14
3,28,c5d7,1r1qr1k1/1pp2pb1/3pbnpp/pPn1p3/P7/R2PP1P1/1BPN1PBP/Q3R1K1 b - - 2 14
3,29,e1c1,1r1qr1k1/1ppn1pb1/3pbnpp/pP2p3/P7/R2PP1P1/1BPN1PBP/Q3R1K1 w - - 3 15
3,30,e6d5,1r1qr1k1/1ppn1pb1/3pbnpp/pP2p3/P7/R2PP1P1/1BPN1PBP/Q1R3K1 b - - 4 15
3,31,e3e4,1r1qr1k1/1ppn1pb1/3p1npp/pP1bp3/P7/R2PP1P1/1BPN1PBP/Q1R3K1 w - - 5 16
3,32,d5e6,1r1qr1k1/1ppn1pb1/3p1npp/pP1bp3/P3P3/R2P2P1/1BPN1PBP/Q1R3K1 b - - 0 16
3,33,c2c4,1r1qr1k1/1ppn1pb1/3pbnpp/pP2p3/P3P3/R2P2P1/1BPN1PBP/Q1R3K1 w - - 1 17
3,34,b7b6,1r1qr1k1/1ppn1pb1/3pbnpp/pP2p3/P1P1P3/R2P2P1/1B1N1PBP/Q1R3K1 b - - 0 17
3,35,d2f1,1r1qr1k1/2pn1pb1/1p1pbnpp/pP2p3/P1P1P3/R2P2P1/1B1N1PBP/Q1R3K1 w - - 0 18
3,36,d7c5,1r1qr1k1/2pn1pb1/1p1pbnpp/pP2p3/P1P1P3/R2P2P1/1B3PBP/Q1R2NK1 b - - 1 18
3,37,f1e3,1r1qr1k1/2p2pb1/1p1pbnpp/pPn1p3/P1P1P3/R2P2P1/1B3PBP/Q1R2NK1 w - - 2 19
3,38,f6g4,1r1qr1k1/2p2pb1/1p1pbnpp/pPn1p3/P1P1P3/R2PN1P1/1B3PBP/Q1R3K1 b - - 3 19
3,39,e3d5,1r1qr1k1/2p2pb1/1p1pb1pp/pPn1p3/P1P1P1n1/R2PN1P1/1B3PBP/Q1R3K1 w - - 4 20
3,40,e6d5,1r1qr1k1/2p2pb1/1p1pb1pp/pPnNp3/P1P1P1n1/R2P2P1/1B3PBP/Q1R3K1 b - - 5 20
3,41,c4d5,1r1qr1k1/2p2pb1/1p1p2pp/pPnbp3/P1P1P1n1/R2P2P1/1B3PBP/Q1R3K1 w - - 0 21
3,42,f7f5,1r1qr1k1/2p2pb1/1p1p2pp/pPnPp3/P3P1n1/R2P2P1/1B3PBP/Q1R3K1 b - - 0 21
3,43,c1e1,1r1qr1k1/2p3b1/1p1p2pp/pPnPpp2/P3P1n1/R2P2P1/1B3PBP/Q1R3K1 w - - 0 22
3,44,d8d7,1r1qr1k1/2p3b1/1p1p2pp/pPnPpp2/P3P1n1/R2P2P1/1B3PBP/Q3R1K1 b - - 1 22
3,45,f2f3,1r2r1k1/2pq2b1/1p1p2pp/pPnPpp2/P3P1n1/R2P2P1/1B3PBP/Q3R1K1 w - - 2 23
3,46,g4f6,1r2r1k1/2pq2b1/1p1p2pp/pPnPpp2/P3P1n1/R2P1PP1/1B4BP/Q3R1K1 b - - 0 23
3,47,g2h3,1r2r1k1/2pq2b1/1p1p1npp/pPnPpp2/P3P3/R2P1PP1/1B4BP/Q3R1K1 w - - 1 24
3,48,f6h7,1r2r1k1/2pq2b1/1p1p1npp/pPnPpp2/P3P3/R2P1PPB/1B5P/Q3R1K1 b - - 2 24
3,49,a1d1,1r2r1k1/2pq2bn/1p1p2pp/pPnPpp2/P3P3/R2P1PPB/1B5P/Q3R1K1 w - - 3 25
3,50,d7f7,1r2r1k1/2pq2bn/1p1p2pp/pPnPpp2/P3P3/R2P1PPB/1B5P/3QR1K1 b - - 4 25
3,51,b2c1,1r2r1k1/2p2qbn/1p1p2pp/pPnPpp2/P3P3/R2P1PPB/1B5P/3QR1K1 w - - 5 26
3,52,e8f8,1r2r1k1/2p2qbn/1p1p2pp/pPnPpp2/P3P3/R2P1PPB/7P/2BQR1K1 b - - 6 26
3,53,g1h1,1r3rk1/2p2qbn/1p1p2pp/pPnPpp2/P3P3/R2P1PPB/7P/2BQR1K1 w - - 7 27
3,54,b8e8,1r3rk1/2p2qbn/1p1p2pp/pPnPpp2/P3P3/R2P1PPB/7P/2BQR2K b - - 8 27
3,55,e1f1,4rrk1/2p2qbn/1p1p2pp/pPnPpp2/P3P3/R2P1PPB/7P/2BQR2K w - - 9 28
3,56,e8e7,4rrk1/2p2qbn/1p1p2pp/pPnPpp2/P3P3/R2P1PPB/7P/2BQ1R1K b - - 10 28
3,57,a3a2,5rk1/2p1rqbn/1p1p2pp/pPnPpp2/P3P3/R2P1PPB/7P/2BQ1R1K w - - 11 29
3,58,f7e8,5rk1/2p1rqbn/1p1p2pp/pPnPpp2/P3P3/3P1PPB/R6P/2BQ1R1K b - - 12 29
3,59,a2e2,4qrk1/2p1r1bn/1p1p2pp/pPnPpp2/P3P3/3P1PPB/R6P/2BQ1R1K w - - 13 30
3,60,g8h8,4qrk1/2p1r1bn/1p1p2pp/pPnPpp2/P3P3/3P1PPB/4R2P/2BQ1R1K b - - 14 30
3,61,e2e1,4qr1k/2p1r1bn/1p1p2pp/pPnPpp2/P3P3/3P1PPB/4R2P/2BQ1R1K w - - 15 31
3,62,e8d8,4qr1k/2p1r1bn/1p1p2pp/pPnPpp2/P3P3/3P1PPB/7P/2BQRR1K b - - 16 31
3,63,c1e3,3q1r1k/2p1r1bn/1p1p2pp/pPnPpp2/P3P3/3P1PPB/7P/2BQRR1K w - - 17 32
3,64,e7f7,3q1r1k/2p1r1bn/1p1p2pp/pPnPpp2/P3P3/3PBPPB/7P/3QRR1K b - - 18 32
3,65,e3c1,3q1r1k/2p2rbn/1p1p2pp/pPnPpp2/P3P3/3PBPPB/7P/3QRR1K w - - 19 33
3,66,f5f4,3q1r1k/2p2rbn/1p1p2pp/pPnPpp2/P3P3/3P1PPB/7P/2BQRR1K b - - 20 33
3,67,g3f4,3q1r1k/2p2rbn/1p1p2pp/pPnPp3/P3Pp2/3P1PPB/7P/2BQRR1K w - - 0 34
3,68,d8h4,3q1r1k/2p2rbn/1p1p2pp/pPnPp3/P3PP2/3P1P1B/7P/2BQRR1K b - - 0 34
3,69,h3g2,5r1k/2p2rbn/1p1p2pp/pPnPp3/P3PP1q/3P1P1B/7P/2BQRR1K w - - 1 35
3,70,f7f4,5r1k/2p2rbn/1p1p2pp/pPnPp3/P3PP1q/3P1P2/6BP/2BQRR1K b - - 2 35
3,71,c1f4,5r1k/2p3bn/1p1p2pp/pPnPp3/P3Pr1q/3P1P2/6BP/2BQRR1K w - - 0 36
3,72,h4f4,5r1k/2p3bn/1p1p2pp/pPnPp3/P3PB1q/3P1P2/6BP/3QRR1K b - - 0 36
3,73,f1f2,5r1k/2p3bn/1p1p2pp/pPnPp3/P3Pq2/3P1P2/6BP/3QRR1K w - - 0 37
3,74,h7f6,5r1k/2p3bn/1p1p2pp/pPnPp3/P3Pq2/3P1P2/5RBP/3QR2K b - - 1 37
3,75,f2a2,5r1k/2p3b1/1p1p1npp/pPnPp3/P3Pq2/3P1P2/5RBP/3QR2K w - - 2 38
3,76,f6h5,5r1k/2p3b1/1p1p1npp/pPnPp3/P3Pq2/3P1P2/R5BP/3QR2K b - - 3 38
3,77,e1g1,5r1k/2p3b1/1p1p2pp/pPnPp2n/P3Pq2/3P1P2/R5BP/3QR2K w - - 4 39
3,78,f4h4,5r1k/2p3b1/1p1p2pp/pPnPp2n/P3Pq2/3P1P2/R5BP/3Q2RK b - - 5 39
3,79,g2f1,5r1k/2p3b1/1p1p2pp/pPnPp2n/P3P2q/3P1P2/R5BP/3Q2RK w - - 6 40
3,80,h5f4,5r1k/2p3b1/1p1p2pp/pPnPp2n/P3P2q/3P1P2/R6P/3Q1BRK b - - 7 40
3,81,g1g4,5r1k/2p3b1/1p1p2pp/pPnPp3/P3Pn1q/3P1P2/R6P/3Q1BRK w - - 8 41
3,82,h4f6,5r1k/2p3b1/1p1p2pp/pPnPp3/P3PnRq/3P1P2/R6P/3Q1B1K b - - 9 41
3,83,g4g1,5r1k/2p3b1/1p1p1qpp/pPnPp3/P3PnR1/3P1P2/R6P/3Q1B1K w - - 10 42
3,84,h8h7,5r1k/2p3b1/1p1p1qpp/pPnPp3/P3Pn2/3P1P2/R6P/3Q1BRK b - - 11 42
3,85,a2a3,5r2/2p3bk/1p1p1qpp/pPnPp3/P3Pn2/3P1P2/R6P/3Q1BRK w - - 12 43
3,86,f6f7,5r2/2p3bk/1p1p1qpp/pPnPp3/P3Pn2/R2P1P2/7P/3Q1BRK b - - 13 43
3,87,g1g4,5r2/2p2qbk/1p1p2pp/pPnPp3/P3Pn2/R2P1P2/7P/3Q1BRK w - - 14 44
3,88,f4h5,5r2/2p2qbk/1p1p2pp/pPnPp3/P3PnR1/R2P1P2/7P/3Q1B1K b - - 15 44
3,89,f1e2,5r2/2p2qbk/1p1p2pp/pPnPp2n/P3P1R1/R2P1P2/7P/3Q1B1K w - - 16 45
3,90,g7f6,5r2/2p2qbk/1p1p2pp/pPnPp2n/P3P1R1/R2P1P2/4B2P/3Q3K b - - 17 45
3,91,d1e1,5r2/2p2q1k/1p1p1bpp/pPnPp2n/P3P1R1/R2P1P2/4B2P/3Q3K w - - 18 46
3,92,f6g5,5r2/2p2q1k/1p1p1bpp/pPnPp2n/P3P1R1/R2P1P2/4B2P/4Q2K b - - 19 46
3,93,e2d1,5r2/2p2q1k/1p1p2pp/pPnPp1bn/P3P1R1/R2P1P2/4B2P/4Q2K w - - 20 47
3,94,g5c1,5r2/2p2q1k/1p1p2pp/pPnPp1bn/P3P1R1/R2P1P2/7P/3BQ2K b - - 21 47
3,95,a3a2,5r2/2p2q1k/1p1p2pp/pPnPp2n/P3P1R1/R2P1P2/7P/2bBQ2K w - - 22 48
3,96,h5f4,5r2/2p2q1k/1p1p2pp/pPnPp2n/P3P1R1/3P1P2/R6P/2bBQ2K b - - 23 48
3,97,e1g1,5r2/2p2q1k/1p1p2pp/pPnPp3/P3PnR1/3P1P2/R6P/2bBQ2K w - - 24 49
3,98,c5d3,5r2/2p2q1k/1p1p2pp/pPnPp3/P3PnR1/3P1P2/R6P/2bB2QK b - - 25 49
3,99,a2c2,5r2/2p2q1k/1p1p2pp/pP1Pp3/P3PnR1/3n1P2/R6P/2bB2QK w - - 0 50
3,100,c1a3,5r2/2p2q1k/1p1p2pp/pP1Pp3/P3PnR1/3n1P2/2R4P/2bB2QK b - - 1 50
3,101,g1f1,5r2/2p2q1k/1p1p2pp/pP1Pp3/P3PnR1/b2n1P2/2R4P/3B2QK w - - 2 51
3,102,a3b4,5r2/2p2q1k/1p1p2pp/pP1Pp3/P3PnR1/b2n1P2/2R4P/3B1Q1K b - - 3 51
3,103,g4g3,5r2/2p2q1k/1p1p2pp/pP1Pp3/Pb2PnR1/3n1P2/2R4P/3B1Q1K w - - 4 52
3,104,d3c5,5r2/2p2q1k/1p1p2pp/pP1Pp3/Pb2Pn2/3n1PR1/2R4P/3B1Q1K b - - 5 52
3,105,c2c4,5r2/2p2q1k/1p1p2pp/pPnPp3/Pb2Pn2/5PR1/2R4P/3B1Q1K w - - 6 53
3,106,b4a3,5r2/2p2q1k/1p1p2pp/pPnPp3/PbR1Pn2/5PR1/7P/3B1Q1K b - - 7 53
3,107,c4c2,5r2/2p2q1k/1p1p2pp/pPnPp3/P1R1Pn2/b4PR1/7P/3B1Q1K w - - 8 54
3,108,a3b4,5r2/2p2q1k/1p1p2pp/pPnPp3/P3Pn2/b4PR1/2R4P/3B1Q1K b - - 9 54
3,109,c2c4,5r2/2p2q1k/1p1p2pp/pPnPp3/Pb2Pn2/5PR1/2R4P/3B1Q1K w - - 10 55
3,110,f7e7,5r2/2p2q1k/1p1p2pp/pPnPp3/PbR1Pn2/5PR1/7P/3B1Q1K b - - 11 55
3,111,g3g4,5r2/2p1q2k/1p1p2pp/pPnPp3/PbR1Pn2/5PR1/7P/3B1Q1K w - - 12 56
3,112,f8f6,5r2/2p1q2k/1p1p2pp/pPnPp3/PbR1PnR1/5P2/7P/3B1Q1K b - - 13 56
3,113,g4g3,8/2p1q2k/1p1p1rpp/pPnPp3/PbR1PnR1/5P2/7P/3B1Q1K w - - 14 57
3,114,f6f7,8/2p1q2k/1p1p1rpp/pPnPp3/PbR1Pn2/5PR1/7P/3B1Q1K b - - 15 57
3,115,g3g4,8/2p1qr1k/1p1p2pp/pPnPp3/PbR1Pn2/5PR1/7P/3B1Q1K w - - 16 58
3,116,e7f6,8/2p1qr1k/1p1p2pp/pPnPp3/PbR1PnR1/5P2/7P/3B1Q1K b - - 17 58
3,117,g4g3,8/2p2r1k/1p1p1qpp/pPnPp3/PbR1PnR1/5P2/7P/3B1Q1K w - - 18 59
3,118,f4h5,8/2p2r1k/1p1p1qpp/pPnPp3/PbR1Pn2/5PR1/7P/3B1Q1K b - - 19 59
3,119,g3g4,8/2p2r1k/1p1p1qpp/pPnPp2n/PbR1P3/5PR1/7P/3B1Q1K w - - 20 60
3,120,h5f4,8/2p2r1k/1p1p1qpp/pPnPp2n/PbR1P1R1/5P2/7P/3B1Q1K b - - 21 60
3,121,g4g3,8/2p2r1k/1p1p1qpp/pPnPp3/PbR1PnR1/5P2/7P/3B1Q1K w - - 22 61
3,122,f6d8,8/2p2r1k/1p1p1qpp/pPnPp3/PbR1Pn2/5PR1/7P/3B1Q1K b - - 23 61
3,123,c4c1,3q4/2p2r1k/1p1p2pp/pPnPp3/PbR1Pn2/5PR1/7P/3B1Q1K w - - 24 62
3,124,b4d2,3q4/2p2r1k/1p1p2pp/pPnPp3/Pb2Pn2/5PR1/7P/2RB1Q1K b - - 25 62
3,125,c1c2,3q4/2p2r1k/1p1p2pp/pPnPp3/P3Pn2/5PR1/3b3P/2RB1Q1K w - - 26 63
3,126,d2e3,3q4/2p2r1k/1p1p2pp/pPnPp3/P3Pn2/5PR1/2Rb3P/3B1Q1K b - - 27 63
3,127,c2a2,3q4/2p2r1k/1p1p2pp/pPnPp3/P3Pn2/4bPR1/2R4P/3B1Q1K w - - 28 64
3,128,c5d3,3q4/2p2r1k/1p1p2pp/pPnPp3/P3Pn2/4bPR1/R6P/3B1Q1K b - - 29 64
3,129,g3g4,3q4/2p2r1k/1p1p2pp/pP1Pp3/P3Pn2/3nbPR1/R6P/3B1Q1K w - - 30 65
3,130,d8e7,3q4/2p2r1k/1p1p2pp/pP1Pp3/P3PnR1/3nbP2/R6P/3B1Q1K b - - 31 65
3,131,a2c2,8/2p1qr1k/1p1p2pp/pP1Pp3/P3PnR1/3nbP2/R6P/3B1Q1K w - - 32 66
3,132,h7g7,8/2p1qr1k/1p1p2pp/pP1Pp3/P3PnR1/3nbP2/2R4P/3B1Q1K b - - 33 66
3,133,h2h4,8/2p1qrk1/1p1p2pp/pP1Pp3/P3PnR1/3nbP2/2R4P/3B1Q1K w - - 34 67
3,134,d3c5,8/2p1qrk1/1p1p2pp/pP1Pp3/P3PnRP/3nbP2/2R5/3B1Q1K b - - 0 67
3,135,c2h2,8/2p1qrk1/1p1p2pp/pPnPp3/P3PnRP/4bP2/2R5/3B1Q1K w - - 1 68
3,136,h6h5,8/2p1qrk1/1p1p2pp/pPnPp3/P3PnRP/4bP2/7R/3B1Q1K b - - 2 68
3,137,g4g3,8/2p1qrk1/1p1p2p1/pPnPp2p/P3PnRP/4bP2/7R/3B1Q1K w - - 0 69
3,138,f4d3,8/2p1qrk1/1p1p2p1/pPnPp2p/P3Pn1P/4bPR1/7R/3B1Q1K b - - 1 69
3,139,g3h3,8/2p1qrk1/1p1p2p1/pPnPp2p/P3P2P/3nbPR1/7R/3B1Q1K w - - 2 70
3,140,d3f4,8/2p1qrk1/1p1p2p1/pPnPp2p/P3P2P/3nbP1R/7R/3B1Q1K b - - 3 70
3,141,h3g3,8/2p1qrk1/1p1p2p1/pPnPp2p/P3Pn1P/4bP1R/7R/3B1Q1K w - - 4 71
3,142,c5d3,8/2p1qrk1/1p1p2p1/pPnPp2p/P3Pn1P/4bPR1/7R/3B1Q1K b - - 5 71
3,143,g3g5,8/2p1qrk1/1p1p2p1/pP1Pp2p/P3Pn1P/3nbPR1/7R/3B1Q1K w - - 6 72
3,144,g7h6,8/2p1qrk1/1p1p2p1/pP1Pp1Rp/P3Pn1P/3nbP2/7R/3B1Q1K b - - 7 72
3,145,h2c2,8/2p1qr2/1p1p2pk/pP1Pp1Rp/P3Pn1P/3nbP2/7R/3B1Q1K w - - 8 73
3,146,d3f2,8/2p1qr2/1p1p2pk/pP1Pp1Rp/P3Pn1P/3nbP2/2R5/3B1Q1K b - - 9 73
3,147,c2f2,8/2p1qr2/1p1p2pk/pP1Pp1Rp/P3Pn1P/4bP2/2R2n2/3B1Q1K w - - 10 74
3,148,e3f2,8/2p1qr2/1p1p2pk/pP1Pp1Rp/P3Pn1P/4bP2/5R2/3B1Q1K b - - 0 74
3,149,f1f2,8/2p1qr2/1p1p2pk/pP1Pp1Rp/P3Pn1P/5P2/5b2/3B1Q1K w - - 0 75
3,150,f4h3,8/2p1qr2/1p1p2pk/pP1Pp1Rp/P3Pn1P/5P2/5Q2/3B3K b - - 0 75
3,151,g5g6,8/2p1qr2/1p1p2pk/pP1Pp1Rp/P3P2P/5P1n/5Q2/3B3K w - - 1 76
3,152,h6g6,8/2p1qr2/1p1p2Rk/pP1Pp2p/P3P2P/5P1n/5Q2/3B3K b - - 0 76
3,153,f2g3,8/2p1qr2/1p1p2k1/pP1Pp2p/P3P2P/5P1n/5Q2/3B3K w - - 0 77
3,154,h3g5,8/2p1qr2/1p1p2k1/pP1Pp2p/P3P2P/5PQn/8/3B3K b - - 1 77
3,155,d1e2,8/2p1qr2/1p1p2k1/pP1Pp1np/P3P2P/5PQ1/8/3B3K w - - 2 78
3,156,f7f4,8/2p1qr2/1p1p2k1/pP1Pp1np/P3P2P/5PQ1/4B3/7K b - - 3 78
3,157,h1h2,8/2p1q3/1p1p2k1/pP1Pp1np/P3Pr1P/5PQ1/4B3/7K w - - 4 79
3,158,f4h4,8/2p1q3/1p1p2k1/pP1Pp1np/P3Pr1P/5PQ1/4B2K/8 b - - 5 79
3,159,h2g2,8/2p1q3/1p1p2k1/pP1Pp1np/P3P2r/5PQ1/4B2K/8 w - - 0 80
3,160,h4f4,8/2p1q3/1p1p2k1/pP1Pp1np/P3P2r/5PQ1/4B1K1/8 b - - 1 80
3,161,g2f2,8/2p1q3/1p1p2k1/pP1Pp1np/P3Pr2/5PQ1/4B1K1/8 w - - 2 81
3,162,g6h6,8/2p1q3/1p1p2k1/pP1Pp1np/P3Pr2/5PQ1/4BK2/8 b - - 3 81
3,163,f2e3,8/2p1q3/1p1p3k/pP1Pp1np/P3Pr2/5PQ1/4BK2/8 w - - 4 82
3,164,e7f6,8/2p1q3/1p1p3k/pP1Pp1np/P3Pr2/4KPQ1/4B3/8 b - - 5 82
3,165,g3g2,8/2p5/1p1p1q1k/pP1Pp1np/P3Pr2/4KPQ1/4B3/8 w - - 6 83
3,166,f4f3,8/2p5/1p1p1q1k/pP1Pp1np/P3Pr2/4KP2/4B1Q1/8 b - - 7 83
3,167,e2f3,8/2p5/1p1p1q1k/pP1Pp1np/P3P3/4Kr2/4B1Q1/8 w - - 0 84
3,168,f6f3,8/2p5/1p1p1q1k/pP1Pp1np/P3P3/4KB2/6Q1/8 b - - 0 84
3,169,g2f3,8/2p5/1p1p3k/pP1Pp1np/P3P3/4Kq2/6Q1/8 w - - 0 85
3,170,g5f3,8/2p5/1p1p3k/pP1Pp1np/P3P3/4KQ2/8/8 b - - 0 85
3,171,e3f3,8/2p5/1p1p3k/pP1Pp2p/P3P3/4Kn2/8/8 w - - 0 86
3,172,h6g5,8/2p5/1p1p3k/pP1Pp2p/P3P3/5K2/8/8 b - - 0 86
3,173,f3g3,8/2p5/1p1p4/pP1Pp1kp/P3P3/5K2/8/8 w - - 1 87
3,174,h5h4,8/2p5/1p1p4/pP1Pp1kp/P3P3/6K1/8/8 b - - 2 87
3,175,g3f3,8/2p5/1p1p4/pP1Pp1k1/P3P2p/6K1/8/8 w - - 0 88
3,176,g5h5,8/2p5/1p1p4/pP1Pp1k1/P3P2p/5K2/8/8 b - - 1 88
3,177,f3f2,8/2p5/1p1p4/pP1Pp2k/P3P2p/5K2/8/8 w - - 2 89
3,178,h5g4,8/2p5/1p1p4/pP1Pp2k/P3P2p/8/5K2/8 b - - 3 89
3,179,f2g2,8/2p5/1p1p4/pP1Pp3/P3P1kp/8/5K2/8 w - - 4 90
3,180,h4h3,8/2p5/1p1p4/pP1Pp3/P3P1kp/8/6K1/8 b - - 5 90
3,181,g2h2,8/2p5/1p1p4/pP1Pp3/P3P1k1/7p/6K1/8 w - - 0 91
3,182,g4h4,8/2p5/1p1p4/pP1Pp3/P3P1k1/7p/7K/8 b - - 1 91
3,183,h2g1,8/2p5/1p1p4/pP1Pp3/P3P2k/7p/7K/8 w - - 2 92
3,184,h4g3,8/2p5/1p1p4/pP1Pp3/P3P2k/7p/8/6K1 b - - 3 92
3,185,g1h1,8/2p5/1p1p4/pP1Pp3/P3P3/6kp/8/6K1 w - - 4 93
3,186,g3f3,8/2p5/1p1p4/pP1Pp3/P3P3/6kp/8/7K b - - 5 93
3,187,h1h2,8/2p5/1p1p4/pP1Pp3/P3P3/5k1p/8/7K w - - 6 94
3,188,f3e4,8/2p5/1p1p4/pP1Pp3/P3P3/5k1p/7K/8 b - - 7 94
3,189,h2h3,8/2p5/1p1p4/pP1Pp3/P3k3/7p/7K/8 w - - 0 95
3,190,e4d5,8/2p5/1p1p4/pP1Pp3/P3k3/7K/8/8 b - - 0 95
3,191,h3g3,8/2p5/1p1p4/pP1kp3/P7/7K/8/8 w - - 0 96
3,192,e5e4,8/2p5/1p1p4/pP1kp3/P7/6K1/8/8 b - - 1 96
3,193,g3f2,8/2p5/1p1p4/pP1k4/P3p3/6K1/8/8 w - - 0 97
3,194,d5d4,8/2p5/1p1p4/pP1k4/P3p3/8/5K2/8 b - - 1 97
3,195,f2e2,8/2p5/1p1p4/pP6/P2kp3/8/5K2/8 w - - 2 98
3,196,d6d5,8/2p5/1p1p4/pP6/P2kp3/8/4K3/8 b - - 3 98
3,197,e2d2,8/2p5/1p6/pP1p4/P2kp3/8/4K3/8 w - - 0 99
3,198,e4e3,8/2p5/1p6/pP1p4/P2kp3/8/3K4/8 b - - 1 99
3,199,d2e2,8/2p5/1p6/pP1p4/P2k4/4p3/3K4/8 w - - 0 100
3,200,d4e4,8/2p5/1p6/pP1p4/P2k4/4p3/4K3/8 b - - 1 100
3,201,e2e1,8/2p5/1p6/pP1p4/P3k3/4p3/4K3/8 w - - 2 101
3,202,d5d4,8/2p5/1p6/pP1p4/P3k3/4p3/8/4K3 b - - 3 101
3,203,e1e2,8/2p5/1p6/pP6/P2pk3/4p3/8/4K3 w - - 0 102
3,204,d4d3,8/2p5/1p6/pP6/P2pk3/4p3/4K3/8 b - - 1 102
3,205,e2d1,8/2p5/1p6/pP6/P3k3/3pp3/4K3/8 w - - 0 103
3,206,e4d4,8/2p5/1p6/pP6/P3k3/3pp3/8/3K4 b - - 1 103
3,207,d1e1,8/2p5/1p6/pP6/P2k4/3pp3/8/3K4 w - - 2 104
3,208,d4c3,8/2p5/1p6/pP6/P2k4/3pp3/8/4K3 b - - 3 104
3,209,e1f1,8/2p5/1p6/pP6/P7/2kpp3/8/4K3 w - - 4 105
3,210,c3b3,8/2p5/1p6/pP6/P7/2kpp3/8/5K2 b - - 5 105
3,211,f1g2,8/2p5/1p6/pP6/P7/1k1pp3/8/5K2 w - - 6 106
3,212,d3d2,8/2p5/1p6/pP6/P7/1k1pp3/6K1/8 b - - 7 106
3,213,g2f3,8/2p5/1p6/pP6/P7/1k2p3/3p2K1/8 w - - 0 107
3,214,d2d1q,8/2p5/1p6/pP6/P7/1k2pK2/3p4/8 b - - 1 107
3,215,f3e3,8/2p5/1p6/pP6/P7/1k2pK2/8/3q4 w - - 0 108
3,216,b3a4,8/2p5/1p6/pP6/P7/1k2K3/8/3q4 b - - 0 108
3,217,e3e4,8/2p5/1p6/pP6/k7/4K3/8/3q4 w - - 0 109
3,218,a4b5,8/2p5/1p6/pP6/k3K3/8/8/3q4 b - - 1 109
3,219,e4f5,8/2p5/1p6/pk6/4K3/8/8/3q4 w - - 0 110
3,220,a5a4,8/2p5/1p6/pk3K2/8/8/8/3q4 b - - 1 110
3,221,f5f4,8/2p5/1p6/1k3K2/p7/8/8/3q4 w - - 0 111
3,222,a4a3,8/2p5/1p6/1k6/p4K2/8/8/3q4 b - - 1 111
3,223,f4f5,8/2p5/1p6/1k6/5K2/p7/8/3q4 w - - 0 112
3,224,a3a2,8/2p5/1p6/1k3K2/8/p7/8/3q4 b - - 1 112
3,225,f5f4,8/2p5/1p6/1k3K2/8/8/p7/3q4 w - - 0 113
3,226,a2a1q,8/2p5/1p6/1k6/5K2/8/p7/3q4 b - - 1 113
3,227,f4f5,8/2p5/1p6/1k6/5K2/8/8/q2q4 w - - 0 114
3,228,d1e2,8/2p5/1p6/1k3K2/8/8/8/q2q4 b - - 1 114
3,229,f5g6,8/2p5/1p6/1k3K2/8/8/4q3/q7 w - - 2 115
3,230,a1f1,8/2p5/1p4K1/1k6/8/8/4q3/q7 b - - 3 115
3,231,g6g5,8/2p5/1p4K1/1k6/8/8/4q3/5q2 w - - 4 116
3,232,e2g2,8/2p5/1p6/1k4K1/8/8/4q3/5q2 b - - 5 116
3,233,g5h6,8/2p5/1p6/1k4K1/8/8/6q1/5q2 w - - 6 117
3,234,f1h1,8/2p5/1p5K/1k6/8/8/6q1/5q2 b - - 7 117
